Question,Category,
"පහත ඇති කවියෙහි හිස්තැන්න්වලට ගැළපෙන වචන පිළිවෙළින් ඇතුළත් පිළිතුර තෝරන්න.
රන්වන් අත්තටු දිළිසෙනවා
එහෙ මෙහෙ පාවෙනවා
මල්වල වහලා බොනවා
යැයි පවසනවා
(1) අහසේ මී මැස්සකු
(2) සුළගේ රොන් සරුංගලේ
(3 ) සුළගේ සමනළයකු",Sinhala language comprehension,112
" රුවන්ගේ මවගේ සහෝදරයාගේ දියණිය රුවිනි නම්, රූවන් යනු රුවිනිගේ.
 (1) පියාගේ සහෝදරියකගේ පුතා වේ.
(2 ) පියාගේසහෝදරයකුගේ පුතා වේ. 
(3) මවගේ සහෝදරයකුගේ පුතා වේ.",Common knowledge and logic reasoning,
" භාජනයක රතු බෝල 10 ක් ද කහ බෝල 8 ක් ද සුදු බෝල 6 ක් ද ඇත. වරකට රතු බෝල 2 ක් කපා බෝල 1 ක් සහ 
සුදු බෝල 1 ක් බැගින් ඉවතට ගනු ලැබේ. එසේ බෝල ඉවතට ගත හැකි වාර ගණන අවසන් වූ විට, භාජනයේ ඉතිරි වන
මුළු බෝල සංඛ්‍යාව කීය 
(1) 2 
(2) 4 
(3) 6",Mathematics,
"එකිනෙකට සෑම අතින් ම සමාන පරිගණක 6 ක් පාසල් දෙකක් අතර බෙදාදීමට අවශ්‍ය වේ. එක් එක් පාසලට ලැබිය 
හැකි පරිගණක ගණන විවිධ විය හැකිය. එක් එක් පාසලට එක් පරිගණකයක්වත් ලැබෙන පරිදි එම පරිගණක හයම 
බෙදා දිය හැකි වෙනස් ආකාර කීයක් තිබේ ද? 
(1) 5 
(2) 6 
(3) 7",Mathematics,
" අමර ඉපදුනේ එක්තරා වර්ෂයක ජනවාරි මාසයේ අවසාන ඉරිදා ය. සාමා ඉපදුනේ එම වර්ෂයේම පෙබරවාරි මාසයේ
 මුල්ම ඉරිදා ය.මෙම දින දෙකෙහි එකතුව 38 කි. අමරගේ උපන්දිනය ජනවාරි මාසයේ,
(1) 29 දින වේ. 
(2) 30 දින වේ. 
(3) 31 දින වේ.",Mathematics,
" නිමාලි නිමල්ට වඩා අවුරුදු දෙකහමාරක් බාල ය. නිමල් ඉපදුනේ 2005 වර්ෂයේදී ය.ය. නිමාලි ඉපදුනේ.
(1) නිසැකවම 2007 වර්ෂයේදී විය යුතුය.
(2) නිසැතවම 2008 වර්ෂයේදී විය යුතු ය.
(3) 2007 හෝ 2008 යන වර්ෂ දෙකින් එකක ය.",Common knowledge and logic reasoning,
" “කමල්ගේ එකම සහෝදරයා විමල් ය. අමාලි යනු කමල්ගේසහෝදරියකි. අමාලිගේ එකම සහෝදරිය
හිමාලි ය."" ඒ අනුව හිමාලිට සිටින සහෝදරයින් ගණනත් සහෝදරියන් ගණනත් පිළිවෙළින්,
(1) 2 සහ 2 වේ. 
(2) 1 සහ 2 වේ. 
(3) 2 සහ 1 වේ.",Common knowledge and logic reasoning,
" සමතලා බිමක ඇඳ ඇති සමචතුරස්‍රයක ශීර්ෂ වල A. B, C, D හතරදෙනා සිටගෙන සිටින්නේ A ට
උතුරින් B ද, B ට බටහිරින් C ද, C ට දකුණින් D ද වන පරිදි ය. A සිටින්නේ පිළිවෙළින් C ටත් D ටත්
කවර දිශාවලින් ද?
(1) ගිනිකොන, නැගෙනහිර 
(2) ගිනිකොන, බටහිර 
(3) වයඹ, නැගෙනහිර",Mathematics,
 හොඳින් හිරු පායා ඇති උදෑසනක ශිෂ්‍යයෙක් සමතලා බිමක ඇඳ ඇති වෘත්තාකාර ධාවන පථයක සම්පූර්ණ වට දෙකක් ඇවිදියි. එම ගමනේදී ශිෂ්‍යයාගේ සෙවනැල්ල ඔහුගේ වම අතපැත්තේ සිට දකුණඅත පැත්තට කී වරක් මාරුවෙයි ද?,Common knowledge and logic reasoning,
"20. පහත දී ඇති තොරතුරු සලකන්න.
සුදු පාට බල්බය ඇවේ නම් කහ පාට බබය දදැවේ. රතු පාට බල්බය දැල්වේ නම් සුදු පාට බල්බය නොදැවේ. • රතු පාට බල්බය නොදැල්වේ නම් නිල් පාට බබය දැවේ.
ඒ අනුව එකවර දැල්විය හැකි බල්බ තුත වන්නේ.
(1) සුදු, කහ සහ රතු. 
(2) සුදු, කහ සහ නිල්ය. 
(3) සුදු, රතු සහ නිල්ය.",Common knowledge and logic reasoning,
"වෘත්තාකාර ධාවන පථයක ඇතුළත සීමාවේ දිග මීටර 200 කි. මීටර 10න් 10 ට සලකුණු කිරීම සඳහා
මුලින්ම කහ පාට කොඩියක් ද, දෙවනුව දම් පාට කොඩියක් ද,තුන්වෙනුව සුදු පාට කොඩියක් ද ආදී වශයෙන් වන පරිදි මෙම පාට තුනෙන් කොඩි සිටුවන ලදී. මේ පිළිවෙළට සලකුණු කිරීම අවසන් වූ විට සමාන කොඩි ගණනක්ඇත්තේ කවර ඒවා ද?
(1) කහ පාට සහ දම් පාට 
(2) දම් පාට සහ සුදු පාට 
(3) සුදු පාට සහ කහ පාට",Mathematics,
" ඔරලෝසුවක වේලාව 1.00. 2.00. 3.00, ... ආදී වශයෙන් වන විට පිළිවෙළින් එක්වරක්, දෙවරක් තුන්වරක්, ... ආදී වශයෙන් නාද වෙයි. ඒ අතරතුර 30 වන මිනිත්තුවේදී එක්වරක් බැගින් ද නාද වෙයි. සෙනසුරාදා පෙරවරුවේ රවිඳු පාඩම් කරමින් සිටි කාලය තුළ ඔරලෝසුව 24 වරක් නාදවනු ඔහුට ඇසුණි. ඔහු පාඩම් කිරීම අවසන් කළේ පෙ.ව. 11.45 ට නම් පාඩම් කිරිම ආරම්භ කළේ කීයට විය හැකි ද?
(1) පෙ.ව. 9.15
(2) පෙ.ව. 9.45
(3) පෙ.ව. 10.15",Mathematics,
" පහත සඳහන් සිදුවීම් සලක.
a - ඊයේ මා නින්දට යන විට මධ්‍යම රාත්‍රිය පසු වී තිබුණි. 
b - විවේක කාලයෙන් පසු ගණිත පරික්ෂණයකුත් තිබුණි.
c - මගේ ක්‍රීඩා ඇඳුම ගෙනැවිත් නැති බව පෙනුණේ ඒ අවස්ථාවේදී ය. 
d - ප්‍රමාද වී අවදි වූ මා පාසලට ගියේ කලබලයෙනි.
 e - පාසල අවසන් වූ විට මගේ යහළුවා සමග ක්‍රීඩා පුහුණුවට ගියෙමි.
 එම සිදුවීම්වල නිවැරදි අනු පිළිවෙළ කුමක් ද? 
(1) a, d, b, e,c 
(2) a, d, c, b, e
",Common knowledge and logic reasoning,
" පතුල සමවතුරස්‍රාකාර පෙට්ටියක ඇතුළත අයින දිගේ කිරිපිටි ටින් 16 ක් පියන උඩු අතට සිටින සේ ටින් එකිනෙතට කීයක් එමයාව ආකාරයට අසුරා ඇත. එම පෙට්ටියේ මැද කොටසේ උපරිම වශයෙන් තවත් එවැනි ම තිරි8 ම ඇසිරිය හැකි ද?
(1) 8
(2) 9 
(3) 12",Mathematics,
"සීමා තුළ පිහිටා ඇත. එහි විශාලත්වය වර්ග කිලෝමීටර 88.64 ත් පමණ වන බව ගණන් බලා ඇත. එය දුර්ලභ ගස්වැල් රාශියකටත් වන සතුත් ගණතාවකටත් නිබිම වී ඇත. යුනෙස්කෝ ආයතනය විසින් මෙය ලෝක උරුමයක් වශයෙන් නම් කර ඇත. මෙම ඡේදයට අනුව වඩාත් නිවැරදි ප්‍රකාශය කුමක් ද? 
(1) යුනෙස්කෝ ආයතනය විසින් සිංහරාජ වනාන්තරයේ විශාලත්වය වර්ග කිලෝමීටර 88.64ක් බව ප්‍රකාශ කර ඇත.
(2) මෙහි වාසය කළ සිංහරාජයකු නිසා සිංහරාජ වනාන්තරයට එම නම ලැබුණු බව විශ්වාස කෙරේ.
(3 ) සිංහරාජ වනාන්තරයේ කොටසක් සබරගමුව පළාතටත් කොටසක් දකුණු පළාතටත් අයත් වේ.",Sinhala language comprehension,
"බල්ලා මාංශ භක්ෂකයෙකි. නිමල්ගේ සුරතලා ද මාංශ භක්ෂකයෙකි."" ඒ අනුව නිමල්ගේ සුරතලා පිළිබඳව එළඹිය හැකි හොඳම නිගමනය කුමක් ද?
(1) නිසැකවම බල්ලෙක් වේ.
(2) බල්ලකු වීමට හෝ නොවීමට හෝ පුළුවන.
(3) බල්ලෙක් නොවේ, එහෙත් මාංශ භක්ෂකයෙක් වේ.",Common knowledge and logic reasoning,
" සවීනිගේ ගවුමෙහි පෘට නිවැරදි ව තීරණය කිරීමට අවශ්‍යවන ප්‍රකාශ දෙක මොනවා ද?
A - කමනිගේ ගවුම රතු පාට ය.
B - රුවනිගේ ගවුම සචිනිගේ ගවුමට වඩා ළා පාට ය.
C - රුවනිගේ ගවුම කමනිගේ ගවුමට වඩා ළා පාට ය.
D - කමනිගේ ගවුමේ පාට සචිනිගේ ගවුමේ පාටට සමානය.
(1) A සහ D 
(2) B සහ C 
(3) Bසහ D",Common knowledge and logic reasoning,
"A, B, C ලෙස නම් කරන ලද ඔරලෝසු තුනක, එකම දිනක අවස්ථා දෙකකදී දැක්වුණු වේලාව වගුවෙහි
දී ඇත.
ඔරලෝසුව A B C
පළමුවන අවස්ථාවේදැක්වුණු වේලාව පෙ.ව. 6.00 පෙ.ව. 6.05 පෙ.ව. 6.10
|දෙවන අවස්ථාවේ දැක්වුණු වේලාව පෙ.වි. 9.00 පෙ.ව. 9.05 පෙ.ව. 9.15
මේ අනුව වඩාත් නිවැරදි නිගමනය කුමක් ද?
(1) එක් ඔරලෝසුවක් පමණක් නිවැරදි වේලාවදක්වයි.
(2) එක් ඔරලෝසුවක පමණක් ක්‍රියාකාරිත්වය දෝෂ සහිත වේ.
(3) අඩු තරමින් ඔරලෝසු දෙකක්වත් වැරදි වේලාව දක්වයි.",Common knowledge and logic reasoning,
"පහත දැක්වෙන ඡේදය කියවන්න.
සඳුදා පැවති පාසලේ උදෑසන රැස්වීමේ, සිසු දක්ෂතා ඉදිරිපත් කිරීමේ අවස්ථාව ඇරඹුණි. පස්වැනි ශ්‍රේණියේ ශිෂ්‍යාවක වූ නිමාලි පළමුවෙන් ම ඉදිරිපත් වූ අතර ඇය ‘දින චර්යාව’ මාතෘකාව
කර ගනිමින් තම අදහස් ඉදිරිපත් කළා ය. කාලසටහනකට අනුව වැඩ කිරීමේ වැදගත්කම පන්තිහාර
ගුරුතුමිය කියා දුන් බවත් තමා ද කාලසටහනකට අනුව වැඩ කරන බවත් නිමාලි පැවසුවා ය. ඒ අනුව
තමා උදෑසන ම අවදි වී නිවසේ වැඩකටයුතුවලට උදවු වීම හා සවස් කාලයේ දී ගෙවතේවැඩවලට
උදවු වීම අමතක නොකර සිදුකරන බව ද පැවසී ය. කතාව නිම කරමින් ඇය තම ගෙවක්ත නැරඹීමට
එන ලෙස ද ආරාධනා කළා ය. පන්තිභාර ගුරුතුමිය නිමාලිගේ කතාව අගය කරමින් කියා සිටියේ
නිමාලි දිනපතා පාසලට පැමිණෙන සහ පාසලේ කටයුතු අතපසු නොකරන ශිෂ්‍යාවක බවයි.
ජේදය ඇසුරෙන් පිළිතූරු සපයන්න.
(i) පාසලේ උදෑසන රැස්වීම පැවති දවස කුමක් ද?
(ii) නිමාලි ඇගේ කතාව සඳහා මාතෘකාව කරගත්තේ කුමක් ද?
(iii) නිමාලිගේ කතාවේ ඇතුළත් ඇය විසින් දිනපතා සවස් කාලයේ කරන කාර්යය කුමක් ද?
(iv) කතාව අවසානයේ දී නිමාලි විසින් කරන ලද ඉල්ලීම කුමක් ද?
(v) නිමාලි ඉදිරිපත් කළ මාතෘකාවට උදවු වූයේ ගුරුතුමිය කියා දුන් කු‍්‍රමන කරුණක් ද?
(vi) පන්තිහාර ගුරුතුමිය නිමාලිගේ කතාව අගය කරමින් පැවසුවේ කුමක් ",Sinhala language comprehension,
"
පහත සඳහන් එක් එක් වගන්තියෙහි උක්තආඛ්‍යාත සම්බන්ධය නිවැරදි නම් ‘√’ ලකුණ ද
වැරදි නම් ‘x’ ලකුණ ද ඉදිරියේ ඇති වරහන තුළ යොදන්න.
(1) කුඹුරට බැසගත් ගොව්යෝ කඩිසරව වැඩ කරති.
(2) කමල් වේදිකා නාට්‍යයක් නරඹයි.(.........)
(3) ගිරවා කෑගසමින් කැලෑවට පියාඹති. (.........)
(4) තද වර්ෂාවට පාලම කඩා වැටුණේ ය. (.........)
(5) ගීතා මිහිරි හඬින් ගීතයක් ගායනා කළහ. (.........)
",Sinhala grammar comprehension,
"ඒක වචන වර්තමාන කාල ක්‍රියාපදය තෝරා යටින් ඉරක් අඳින්න.
(1) බලයි
(2) බැලුවේ ය 
(3) බලති",Sinhala grammar comprehension,
"පහත එක් එක් ප්‍රශ්නයෙහි නිවැරදි අක්ෂර සහිත වචනය තෝරා යටින් ඉරක් අඳින්න.
(1) (1) ප්‍රර්දශන(2) ප්‍රධර්ශන (3) ප්‍රර්දශණ
(2) (1) ළධරුවා (2) ලදරුවා (3) ළදරුවා
(3) (1) ලේකිඛාව (2) ලේඛිකාව (3) ලේකිකාව",Sinhala grammar comprehension - NO,
"පහත සඳහන් වාක්‍යය අතීත කාල බහු වචනයට හරවා ලියන්න.
මම පාසල් වැඩවල නිරත වෙමි.",Sinhala grammar comprehension,
"පහත සඳහන් එක් එක් වචනයට ගැළපෙන සමාන පදයක් බැගින් ඉදිරියෙන් ඇති තිත් ඉරි මත ලියන්න.
(1) කැලය : 
(2) පොත:",Sinhala language comprehension,
"පහත සඳහන් වගන්තියේ වැරදී අක්ෂර සහිත වචන දෙකක් ඇත. එම වචන දෙක තෝරා නිවැරදි කර එම
වචන දෙක පමණක් තිත් ඉර මත ලියන්න.
නිසළ වූ නදිය නිල්මිණි තලාවක් සේ බබලයි.",Sinhala grammar comprehension - NO,
"
එක් එක් වගන්තිවල අදහසට ගැළපෙන ප්‍රස්ථාව පිරුළ වරහන් තුළින් තෝරා දී ඇති හිස්තැනෙහි ලියන්න.
(උගත මනා ශිල්පය මයි මතු රැකෙනා/ ඇඟිල්ලේ තරමට ඉදිමෙන්න/ පනින්න පෙර සිතා බලනු/
ඇවිලෙන ගින්නට පිදුරු නොදමන්න/ ඉඟුරු දී මිරිස් ගත්තා වගේ)
(1) ප්‍රමාණයට වඩා අහංකාර නොවන්න.
(2) ආරවුලක් තව තවත් ඇවිස්සීමට කටයුතු නොකරන්න.
",Sinhala language comprehension,
" සුදුසු විරාම ලකුණු යොදන්න.
පිරිසිදු පරිසරයක් යන තේමාව පැහැදිලි වන සේ පෝස්ටර් තරගයක් පවත්වන ලදී",Sinhala grammar comprehension,
"පහත දී ඇති වචන නිවැරදි ව ගළපා අථවත් වැකියක් බැගින් ලියන්න.
(1) has/ten/sister/rupees /My:
(2) buy/ bat/ a / want / We / to: 
",English language and grammar comprehension,
"12. එක් එක් ඉංග්‍රීසි වචනයෙහි අර්ථය සිංහලෙන් ලියන්න.
(1) Parents : 
(2) Fire : ",English language and grammar comprehension,
"‘කාල් (616)' යන දෙමළ වචනය සඳහා යෙදෙන සිංහල වචනය ලියන්න.
",Tamil language and grammar comprehension,
" පහත සඳහන් වාක්‍යය දෙමළෙන් කියන ආකාරය සිංහලෙන් ලියන්න.
එළියට යන්න ද? :",Tamil language and grammar comprehension,
"පහත සංඛ්‍යා රටාව හඳුනාගෙන හිස්තැන් දෙකට ගැළපෙන සංඛ්‍යා දෙක ලියන්න.
...., .....15,19.23,27",Mathematics,
 20650 සංඛ්‍යාව අකුරෙන් ලියන්න. ,Mathematics,
" බස් රථයක් මගීන් 55 දෙනතු සහිතව පළමුවැනි නැවතුමෙන් ගමන් ආරම්භ කරයි. දෙවැනි
නැවතුමේදී මගීන් 8 දෙනකු බසයෙන් බසින ලද අතර 12 දෙනෙක් බස් රථයට ගොඩ වූහ. දෙවැනි
නැවතුමෙන් ගමන් අරඹන විට බස් රථයේ සිටි මගීන් ගණන කීය ද?",Mathematics,
 අඹ ගෙඩි 16කින් හතරෙන් පංගු දෙකක් (2 ) යනු අඹ ගෙඩි කීය ද?,Mathematics,
එකිනෙකට සමාන මුහුණත් 6ක් සහ දාර 12ක් සහිත ජ්‍යාමිතික ඝන වස්තුව කුමක් ද?,Mathematics,
" මීටර 45ක් දිග තාප්පයක් බැඳීම සඳහා දින දෙකක් ගත විය. පළමුවැනි දිනයේ දී මීටර 27 සෙන්ටිමීටර
75ක දිගක් බැඳ අවසන් විය. දෙවන දිනයේ දී බඳින ලද දිග කොපමණ ද?
",Mathematics,
"දැන් වේලාව පෙරවරු 11.00 නම් තව පැය 2යි මිනිත්තු 30කට පසුව වේලාව කීය ද?
",Mathematics,
" සිසුන් 235 දෙනකුට අධ්‍යාපන චාරිකාවක් යාම සඳහා බස්රථ 5ක් යොදා ගන්නා ලදී. සෑම බස් රථයක ම
සමාන සිසුන් සංඛ්‍යාවක් ගමන් කළේ නම් එක් බස් රථයක ගමන් කළ සිසුන් ගණන කීය ද?",Mathematics,
" එක් දිනක දී වෙළඳසැලක තිබූ පරිප්පු 25 kg න් විකුණන ලද පරිප්පු ප්‍රමාණය 12 kg 750 g කි. එදින
ඉතුරු වූ පරිප්පු ප්‍රමාණය කොපමණ ද?",Mathematics,
"

ජලය  ලීටර 2ක් අල්ලන භාජනයක් සම්පූර්ණයෙන් පිරවීමට මිලි ලීටර 500 කෝප්පයකින් ජලය යුතු වාර දැමිය ගණන කීය ද?
 
",Mathematics,
"කොළ කැඳ සකස් කිරිමේ දී සුදුසු කොළ වර්ගයක් සහ පොල්වලට අමතරව අවශ්‍ය වන්නේ,
(1) මස් වර්ගයකි. 
(2) පලතුරු වර්ගයකි. 
(3) සහල් වර්ගයකි.",Common knowledge and logic reasoning,
" පස සාරවත් කර ගැනීම සඳහා අනුගමනය කළ යුතු ක්‍රියාව කුමක් ?
(1) ආහාර වර්ග තැම්බු උණු වතුර පසට ඇමීම
(2) දිරාපත්වන කුණු රොඩු පසට එකතු කිරිම
(3) කෘමිනාශක අඩංගු බෝතල් සේදු වතුර පසට දැමීම",Environment,
"
විටමින් C බහුලව අඩංගු ආහාරයක්වන්නේ.
(1) පේර ය. 
(2) රට කජු ය. 
(3) සෝයා බෝංචි ය.",Environment,
"කඳු බෑවුමක පිහිටි ගසක් සුළඟකට මුල් ඉදිරි වැටී තිබුණි. ඒ සඳහා වඩාත් හේතුවිය හැකි කරුණ කුමක් ද?
(1) ගස මල්වලින් බරවී තිබීම
(2) එම ස්ථානයේ පස සෝදායාමට ලක්වී තිබීම
(3) ගසෙහි කුරුල්ලන්ගේ කූඩු තිබීම",Environment,
" ‘තුවාය’ පෞද්ගලිකව පරිහරණය කළ යුතු දෙයක්වන්නේ,
(1) නිවසේ අන් අයද එසේ කරන නිසා ය.
(2) අලංකාරව තබා ගැනීම සඳහා ය.
(3) ලෙඩ රෝගවලින් ආරක්ෂා වීම සඳහා ය.",Common knowledge and logic reasoning,
"
'කාබෝහයිට්’ පෝෂ්‍ය පදාර්ථය ශරිරයට අවශ්‍ය ප්‍රමාණයට නොලැබුණු විට ඇතිවන තත්ත්වයකි,  
(1) කුසගිනි නොදැනීම. 
(2) ශරීරයේ බර අඬු වීම. 
(3) මුඛය ආශ්‍රිත රෝග ඇතිවීම.",Environment,
" අපිරිසිදු ජලය පානය කිරීමෙන් වැළඳිය හැකි රෝගය කුමක් ද?
(1) බරවා 
(2) දියවැඩියාව 
(3) උණසන්නිපාතය",Environment,
"
‘මොනරවිල කැප්පෙටිපොළ දිසාව’ යන චරිතය ශ්‍රී ලාංකිකයන්ට වැදගත්වන්නේ, 
(1) විදේශීය ආක්‍රමණිකයන්ගෙන් රට බේරා ගැනීමට කටයුතු කළ බැවිනි. 
(2) විශිෂ්ට ගණයේ ආගමික පොත්පත් රචනා කළ බැවිනි. 
(3) නිදහස් අධ්‍යාපනය වෙනුවෙන් කටයුතු කළ බැවිනි.",Common knowledge and logic reasoning,
"ගෙවත්තට පැමිණෙන පක්ෂියකු වන ඇටිකුකුළාට,
(1) කළු පැහැති පිහාටු සහ සුදු පැහැති ඇස් ඇත.
(2) කළු පැහැති හා නිල් පැහැති පිහාටු සහ රතු පැහැති ඇස් ඇත.
(3) කළු පැහැති හා දුඹුරු පැහැති පිහාටු සහ රතු පැහැති ඇස් ඇත.",Environment,
" සුමට ක්‍රියාකාරිත්වය සඳහා තෙල් යොදන උපකරණය කුමක් ද?
(1) අලවංගුව 
(2) විල්බැරෝව 
(3) මිටිය",Common knowledge and logic reasoning,
" ඖෂධ භාවිතයේ දී සිදු නොකළ යුත්තේතේ,
(1) ඉක්මන් සුවය සඳහා වැඩි මාත්‍රාවක් ගැනීමයි.
(2) ආහාරයට පෙර හා පසු ලෙස සැලකිලිමත් වීමයි.
(3) දිනකට නියමිත වාර ගණන අනුව ඖෂධ ගැනීමයි.",Common knowledge and logic reasoning,
" යම් පුද්ගලයකු දියේ ගිලෙන බව දුටු විට ක්ෂණිකව කළ යුතු සුදුසු ම දේ කුමක් ද?
(1) උදවු ඉල්ලා කෑ ගැසීම
(2) දිය මතු පිටට පැමිණෙන තෙක් බලා සිටීම
(3) බේරා ගැනීමට තමන් ද දියට පැනීම",Common knowledge and logic reasoning,
" සෙක්කුව යොදාගන්නේ,
(1) කුඹුරු වැඩට ය. 
(2) තෙල් සිඳ ගැනීමට ය. 
(3) රෙදි විවීමට ය.",Environment,
"යම් පරිසරයක ශාක භක්ෂක සතුන් පමණක් සිටින විට පහත සඳහන් කුමක් සිදුවිය හැකි ද?
(1) සතුන්ගේ සංඛ්‍යාව ඉතා ඉක්මනින් වැඩි වී ඉන් පසු අඩු වේ.
(2) ඉතා හොඳින් වැඩුණු ශාක පද්ධතියක් පරිසරයේ ඇති වේ.
(3) කුඩා සතුන්, විශාල සතුන්ගේ ආහාරය බවට පත් වේ.",Environment,
"විදුලි බලය අරපිරිමැස්මෙන් භාවිත කිරීම සඳහා අනුගමනය කළ යුතු ක්‍රියාව කුමක් ද?
(1) ආහාර උණුසුම්ව තිබිය දී ශීතකරණයෙහි දැමීම
(2) ව්දුදුලි ඉස්ත්‍රික්කය භාවිතයේ දී දින කිහිපයකට අවශ්‍ය ඇඳුම් එකවර මැද ගැනීම
(3) ජලය උණුකර ගැනීමම සඳහා සඳහ විදුලි කේතලය භාවිත කිරීම",Common knowledge and logic reasoning,
"මහා මාර්ගයේ පයින් ගමන් කරන විට දකුණෙන් ගමන් කිරීම නිසා ඇතිවන වාසිදායක තත්ත්වයක්
නොවන්නේ,
(1) ඉදිරියෙන් එන වාහන හොඳින් පෙනීමයි.
(2) පිටුපසින් එන වාහන තමාට ඈතින් ගමන් කිරීමයි.
(3) පාර හරහා යාමේදී දෙපස බැලීම අවශ්‍ය නොවීමයි.",Common knowledge and logic reasoning,
" වර්ණවත්, සුවඳවත් මෙන්න්මරසැති ගෙඩි සහිත ශාකයක පැතිරීම බහුලව ම සිදුවන්නේකුමන ආකාරයෙන්න්ද?
(1) සතුන් මගින් 
(2) ජලය මගින් 
(3) සුළඟ මයින්",Environment,
" මිනිසා බහුලව භාවිත කරන ඖෂධයක් නිෂ්පාදනය කරන සත්ත්වත්වයෙක් වಶ,
(1) මී මැස්සා ය. 
(2) ගැඩ විලා ය. 
(3) මැස්සා ය.",Environment,
"සාමූහිකව ජීවත් වීම සඳහා තේරුම් ගත යුතු වැදගත් කරුණක්වන්නේ කුමක් ද?
(1) තමාගේ අදහස් අනුව ම කටයුතු කිරිමට අන් අය පෙලඹවිය යුතු බ
(2) තමා අකමැති දේවල්වලට අන් සියලු දෙනාමත් අකමැති බව
(3) තමා කැමති දේවල්වලට අකමැති අයද සිටිය හැකි බව",Common knowledge and logic reasoning,
"සතුරන්ගෙන් ආරක්ෂාවීමට සතුන් හැඩගැසී ඇති ආකාරයක්වන්නේ,
(1) ශාකවල කොළ පැහැති පත්‍ර අතර කොළ පැහැති පණුවන් සිටීමයි.
(2) ගිරවාට යම් යම් දේ කැපීමට තියුණු හොටක් තිබීමයි.
(3) සර්පයින්ට එළියට දැමිය හැකි දිගු දිවක් තිබීමයි.",Environment,
"රාජ්‍ය ලාංඡනයේ ඇති ‘වී කරල්වලින්’ නිරූපණයවන්නේ,
(1) සෞභාග්‍ය හා පරිපූර්ණ බවයි.
(2) ස්වයංපෝෂිත බව හා සශ්‍රීකත්වයයි.
(3) සදාතන පැවැත්මයි.",Common knowledge and logic reasoning,
"දිනපතා ප්‍රමාණවත් පරිදි ජලය පානය කිරීම
(1) මුත්‍රා කිරීමේ අපහසුවක් ඇති වීමට හේතුවක් .
(2) සිරුර අධික ලෙස තරබාරු වීමට හේතුවක් වේ.
(3) ශාථිරික නීරෝගී බවට හේතුවක් වේ.
",Common knowledge and logic reasoning,
"සපත්තුවේ අඩිය ගෙවී තිබූ බැවින් අළුත් අඩියක් දමා තම සපත්තු සකස් කරගත් බව දපුන් පැවසුවේ ය.
ඔහුගේ ක්‍රියාව වඩාත් හොදින් විස්තරවන්නේ පහත සඳහන් කුමන වගන්තියෙන් ද?
(1) භාණ්ඩ නිසි පරිදි නඬත්තු කළ යුතුය.
(2 ) භාණ්ඩ අරපිරිමැමෙන් භාවිත කළ යුතු ය.
(3 ) භාණ්ඩ හොඳින් පිරිසිදු කර තැබිය යුතු ය.",Common knowledge and logic reasoning,
" අභය භූමි පවත්වා ගැනීමෙන් බලාපොරොත්තුවන්නේ,
(1) සතුන්ට ඔවුන්ගේපරිසරයේ ම ජිවත්වීමට අවස්ථාව සැලසීමයි.
(2) සතුන් අතර එකිනෙකාට සිදුවන හිංසාකාරී ක්‍රියා අවම කිරීමයි.
(3) සතුන්ගෙන් පහසුවෙන් ආහාර ලබා ගැනීමයි.",Environment,
" නිවසේ විදුලි බුබුළක් මාරු කිරීමේදී සිදු නොකළ යුතු ක්‍රියාව කුමක් ද?
(1) ප්‍රධාන පරිපථ යොමුව විසන්ධි කිරිම
(2) වැඩිහිටි සාමාජිකයෙකුගේ අධීක්ෂණය මත සිදු කිරිම|
(3) බල්බය ගැලවීමට තෙත රෙදි කැබැල්ලක් යොදා ගැනීම",Common knowledge and logic reasoning,
" සමන්ගේ නිවසට ජනිත් පැමිණියේ තදවැස්සේ ය. ඒ වන විට සමන්ගේ ගෙමිදුල ජලයෙන් පිරි තිබුණි.
කඩදාසි ඔරු පා කරමු’ යැයි ජනිත් කීවේ ය. සමන්, ඔබ යැයි සිතා ඉන් පසු සිදුකළ දේ පිළිබඳ ව වාක්‍ය
තුනක් ලියන්න.
(සෑම වාක්‍යයක් ම වචන පහකට නොඅඩුවිය යුතු ය. උක්ත ආඛ්‍යාතසම්බන්ධය හා අක්ෂර වින්‍යාසය
නිවැරදි විය යුතු ය.)
",Sinhala language comprehension,
"පහත දැක්වෙන ඡේදය කියවන්න.
මා සිටුවන ලද අඹ පැළය දැන් විශාල ගසකි. නිවස අසලින් ගලා යන දොළ පහර දෙසට නැමුණු
අඹ අත්ත ගෙඩිවලින් බර වී ඇත. එම අඹ ගස මීට වසර පහකට පෙර මා පළමුවැනි ශ්‍රේණියට ඇතුළත් කළ
දිනය සිහිවීමට මා අතින් ම සිට වූ බව අම්මා කී අයුරු මට තවම මතකයි.තාත්තා ගෙනැවිත් දුන් ඒ කුඩා අඹ
පැළය සිටුවා,අම්මා,තාත්තා,අක්කා සහ මා විසින් එය ආදරයෙන් රැක බලා ගනු ලැබුවේ පවුලේ ම දරුවකු
සේ ය. ගසේ මුලින් ම සෑදුණු ගෙඩි කිහිපය මගේපන්තියේ ගුරුතුමිය ඇතුළු යහළුවන්ට බෙදා දුන්නේ ඉමහත්
සතුටිනි. සියලු දෙනා ම ඒවා ප්‍රීතියෙන්භුක්තිවින්දෝ ය. “අමල් මෙන් ම පන්තියේඅනෙක් සියලු දෙනාමත්
පැළ සිටුවීම සහ රැක බලා ගැනීම ඉතා වැදගත් ” යැයි පවසමින් ගුරුතුමිය මගේ ක්‍රියාව අගය කළා ය.
• ජේදය ඇසුරෙන් පිළිතුරු සපයන්න.
(1) අඹ පැළය සිටුවන ලද්දේ කවුරුන් විසින් ද?
(2) අඹ පැළය සිටුවන ලද්දේ කුමක් සිහිවීම සඳහා ද?
(3) අඹ පැළය රැක බලා ගත්තේ කවුරුන් ද?
(4) ගෙඩිවලින් බර වී ඇති අඹ අත්ත පිළිබඳ ව මෙහි විස්තර කරඇත්තේ කෙසේ ද?
(5) ගුරුතුමිය පැවසූ පරිදි ඉතා වැදගත්වන්නේ කුමක් ද?
(6) ‘සතුටින්’ යන්නට අර්ථයෙන් සමාන පදයක් මෙම ඡේදයේ සඳහන් වී ඇත. එම පදය කුමක් ද?
",Sinhala language comprehension,
" පහත සඳහන් එක් එක් වගන්තියෙහි උක්ත ආඛ්‍යාත සම්බන්ධය නිවැරදි නම් ‘V' ලකුණ ද වැරදි නම්
‘x’ ලකුණ ද ඉදිරියේ ඇති වරහන තුළ යොදන්න.
(1) මම කෑමට පෙර අත් සෝදමි. 
(2) සමන් කෞතුකාගාරය නැරඹීමට යති. 
(3) අක්කා ජන කවියක් තාලයට ගායනා කරයි. 
(4) මෙවර පැවැත්වූ චිත්‍ර තරගයෙන් ඔහු ප්‍රථම ස්ථානය දිනා ගත්තා ය. 
(5) වනාන්තර එළිපෙහෙළි කර වර්ෂාව එන තෙක් හේන් ගොවියෝ බලා සිටිති.",Sinhala grammar comprehension,
" ඒකවචන, අතීත කාල ක්‍රියා පදය තෝරා යටින් ඉරක් අඳින්න.
(1) ගලයි 
(2) තිබුණි 
(3) බබළති",Sinhala grammar comprehension,
"දී ඇති වචන ගළපා අර්ථවත් වාක්‍යයක් ලියන්න.
ඉඩම / පිහිටි / අපේ / බහුල ය / නිවස / විසිතුරු / ගස්වැල්වලින්
",Sinhala language comprehension,
"පහත එක් එක් ප්‍රශ්නයෙහි නිවැරදි අක්ෂර සහිත වචනය තෝරා යටින් ඉරක් අඳින්න.
(1) (1) ඝෝසාව (2) ඝෝෂාව (3) ගෝශාව
(2) (1) නිශ්ශබ්ද (2) නිබ්ද (3) නිශ්ශබ්ධ",Sinhala grammar comprehension - NO,
"පහත සඳහන් වාක්‍ය වර්තමාන කාලයට හරවා ලියන්න.
ගෙවිලියෝ උදෑසන ම කුඹුරට ඇඹුල ගෙන ගියෝ ය.
",Sinhala grammar comprehension,
" 'ආරම්භය’ යන්නට විරුද්ධ පදයක් ලියන්න.
",Sinhala language comprehension,
" පහත සඳහන් අවස්ථාවට ගැළපෙන ප්‍රස්ථාව පිරුළ තිත් ඉර මත ලියන්න.
යමක් කිරිමට උත්සාහ කර එය කර ගත නොහැකි විට එහි අගුණ කීම.

",Sinhala language comprehension,
" පහත දී ඇති වචන නිවැරදි ව ගළපා අර්ථවත් වැකියක් බැගින් ලියන්න.
(1) the/is/pencil/My/table/on:
(2) my/play /I/ friends/ with:  
",English language and grammar comprehension,
" එක් එක් ඉංග්‍රීසි වචනයෙහි අර්ථය සිංහලෙත් ලියන්න.
(1) Sugar : (2) Rainbow :",English language and grammar comprehension,
" ‘තාමරෙයිපූ (HTWගාJÚ)' යන දෙමළ වචනය සඳහා යෙදෙන සිංහල වචනය ලියන්න.
",Tamil language and grammar comprehension,
" පහත සඳහන් වාක්‍යය දෙමළෙන් කියන ආකාරය සිංහලෙන් ලියන්න.
මට බෝලයක් දෙන්න : ",Tamil language and grammar comprehension,
"භාජනයක ජලය 5150 ml ක් ඇත. එහි ඇති ජල ප්‍රමාණය ලීටර් සහ මිලිලීටවලින් ලියන්න.
",Mathematics,
"රුපියල් 15යි සත 50කට පෑනක් සහ එකක් රුපියල් 75 බැගින් අභ්‍යාස පොත් දෙකක් මිලදී ගත්විට
ගෙවිය යුතු මුළු මුදල කීය ද?
",Mathematics,
"සුළඟ මගින්ව්‍යාප්ත වන බීජයකට නිදසුනක්වන්නේ කුමක් ද?
(1) කජු 
(2) පොල් 
(3) වරා",Environment,
" දෛනික ආහාර වේල් අතරින් පුද්ගලයකුට වඩාත් වැදගත් වන ආහාර වේල කුමක් ද?
(1) උදෑසන ආහාර වේල 
(2) දහවල් ආහාර වේල
( 3) රාත්‍රී ආහාර වේල",Common knowledge and logic reasoning,
" අභ්‍යවකාශ ගතකරන චන්ද්‍රිකා භාවිත කරමින් පණිවිඩ හුවමාරු ක්‍රමයක් නිර්මාණය කළ හැකි බව
ප්‍රකාශ කරඇත්තේ කවුරුන් විසින් ද?
(1 ) ආචාර්ය ආනන්ද කුමාරස්වාමි මහතා
(2) ආතර් සී. ක්ලාක් මහතා
(3) හෙන්රි ස්ටීල් ඕල්කට් තුමා",Common knowledge and logic reasoning,
" තම පදිංචිය පිළිබඳ සහතිකයක් ලබා ගැනීම සඳහා හමුවිය යුතු නිලධාරියා කවුද?
(1) විදුහල්පති 
(2) ග්‍රාම නිලධාරි 
(3) සමෘද්ධි නිලධාරි",Common knowledge and logic reasoning,
"පුද්ගලයකු ගමන් කිරීමේ දී නිවැරදි ව පාදය තැබිය යුතු ආකාරය වන්නේ පිළිවෙළින්
(1) විලුඹ, පතුල, ඇඟිලි තුඩු ලෙසයි. 
(2) ඇඟිලි තුඩු, පතුල, විලුඹ ලෙසයි. 
(3) විලුඹ, ඇඟිලි තුඩු, පතුල ලෙසයි.",,
"පැණි රස ආහාර සහ පිෂ්ඨය සහිත ආහාර අධික ලෙස ගැනීමෙන් වැළකියයුත්තේ පහත කුමන රෝගී
තත්ත්වයකින් පෙළෙන කෙනෙකු ද? 
(1) දිය වැඩියාව 
(2) අම්ල පිත්ත රෝගය 
(3) අධික රුධිර පීඩනය",Environment,
" වැරදි අනුකරණවලින් යුතු භාණ්ඩ විකුණනු ලබන්නේ නම් ඒ පිළිබඳ ව පැමිණිලි කළ යුතු ආයතනය
කුමක් ද?
(1) කෘෂිකර්ම සේවා උපදේශක කායාලය 
(2) ප්‍රාදේශීය ලේකම් කායාලය
(3) පාරිභෝගික ආරක්ෂණ අධිකාරිය",Common knowledge and logic reasoning,
"දෙහි කල්තබා ගැනීම සඳහා පැරැන්නන් බහුලව භාවිත කළ ක්‍රමයක්වන්නේ,
(1) තැම්බීමයි. 
(2) වැලි යට දැමීමයි. 
(3) දුම් ගැස්සවීමයි.",Environment,
" තිරස්ව එල්ලා ඇති දණ්ඩ චුම්බකයක් නිශ්චලව තිබෙන විට යොමුවන දිශා මොනවා ද?
(1) උතුර - දකුණ 
(2) ඊසාන - නිරිත 
(3) නැගෙනහිර - බස්නාහිර",Environment,
"අයිස් කැටයක් පිරිසිදු ඇල් ජලය සහිත බඳුනකට දැමූවිට අයිස් කැටයට සිදුවන්නේ කුමක් ද?
(1) ප්‍රමාණයෙන් විශාල වේ 
(2) ජලයේ පාවෙයි 
(3) වෙනසක් සිදු නොවේ",Environment,
" ජාත්‍යන්තර ගුවන් තොටුපොළවල් දෙකක් සඳහන් පිළිතුර කුමක් ද?
(1) කටුනායක සහ රත්මලාන
(2) කටුනායක සහ මත්තල
(3) මත්තල සහ පලාලි|",Common knowledge and logic reasoning,
" ශ්‍රීලංකාවේ පොදු ස්ථානවල ඇති වැසිකිලි පිරිමි, ගැහැනු ලෙස වෙන් කරදැක්වීමට වඩාත් උචිත කුමන
ආකාරය ද?
(1) සම්මත සංකේත මගින්දැක්වීම
(2) සිංහල හා දෙමළ භාෂාවලින් දැක්වීම
(3) සිංහල, දෙමළ හා ඉංග්‍රීසි භාෂාවලින්දැක්වීම ",Common knowledge and logic reasoning,
" කොවිඩ් 19(කොරෝනා) රෝගය ඇති කරනු ලබන්නේ,
(1) බැක්ටීරියාවක් මගිනි. 
(2) වෛරසයක් මගිනි. 
(3) දිලීරයක් මගිනි.",Common knowledge and logic reasoning,
"‘මයිනහම' භාවිත කරනු ලබන්නේ, 
(1) වඩු කර්මාන්තයේ දී ය. 
(2) පතල් කර්මාන්තයේ දී ය. 
(3) කම්මල් කමාන්තයේ දී ය.",Common knowledge and logic reasoning,
" සිතියමක දක්වා ඇති +සලකුණ මගින්සංකේතවත්වන්නේ, 
(1) මහා මාර්ගයයි. 
(2) දුම්රිය මාර්ගයයි. 
(3) අධිවේගී මාර්ගයයි.",Environment,
" ආහාර ද්‍රව්‍ය මිලදී ගැනීමේදී සැලකිලිමත් විය යුතු කරුණක්වන්නේ කුමක් ද?
(1) ඒවා පිළිබඳ ආකර්ශනීය වෙළඳ දැන්වීම් තිබීම
(2) ඒවා විසිතුරු ඇසුරුම් සහිත වීම 
(3) ඒවායේ නිෂ්පාදිත හා කල් ඉකුත්වීමේ දින සඳහන් වීම",Common knowledge and logic reasoning,
" ගෙවතු වගාවේදී සාම්ප්‍රදායික ක්‍රම භාවිතය තුළින් සිදුවන්නේ මින් කුමක් ද?
(1) වස විෂවලින් තොරව ඵලදාවක් ලැබීම 
(2) පස නිසරු වීම
(3) ජලය දූෂණය වීම",Environment,
" බරවා රෝගය බෝවන්නේ,
(1) රෝගවාහක මැස්සකු මගිනි.
(2) රෝගවාහක මදුරුවකු මගිනි.
(3) රෝගවාහක පුද්ගලයකු මගිනි.",Environment,
"අකුණු අනතුරුවලින් වැළකී සිටීමට වඩාත් සුදුසු වන්නේ,
(1) එළිමහන් ස්ථානයක රැඳී සිටීමයි.
(2) ජලාශයක ස්නානය කිරිමයි.
(3) ගොඩනැගිල්ලක් තුළ රැඳී සිටීමයි.",Environment,
" කණ්ඩායමක් ලෙස කටයුතු කිරිමේ දී වඩාත් ම සුදුසු වන්නේ,
(1) අන් අයගේ අදහස්වලට ඇහුම්කන් දී සැමවිට ම ඒවාට එකඟ වීමයි.
(2) සැමවිට ම තම අදහස් ඉස්මතු කිරිමට උත්සහ කිරිමයි.
(3) අන් අයගේ අදහස්වලට ඇහුම්කන් දෙමින් තම අදහස් ප්‍රකාශ කිරීමයි.",Common knowledge and logic reasoning,
"කෙසෙල් කොළයක් භාවිත කර බත් පාර්සලයක් සකස් කර ගැනීමේදී කළ යුතුවන්නේ කුමක් ද?
(1) කෙසෙල් කොළය සෝදා වේලා ගැනීම 
(2) කෙසෙල් කොළය මතුපිටින් පොලිතින් කොළයක් එළීම
(3) කෙසෙල් කොළය සෝදා මද ගින්දරේ රත්කර ගැනීම",Common knowledge and logic reasoning,
" ශරීරයට උණුවතුර වැටී පිලිස්සුණු අවස්ථාවකදී වහා ම කළයුතේ,
(1) පිලිස්සුණු ස්ථානයේ ආලේපයක් ගැල්වීමයි. 
(2) පිලිස්සුණු ස්ථානයට ගලා යන සේ ජලය දැමීමයි. 
(3) පිලිස්සුණු ස්ථානය රෙදිකඩකින් ගැට ගැසීමයි.",Common knowledge and logic reasoning,
"ශ්‍රී ලංකාවේ ජාතිකවෘක්ෂය සහ ජානික පක්ෂියා පිළිවෙළින් සඳහන් පිළිතුර තෝරන්න.
(1) නා සහ වලිකුකුළා
(2) නා සහ කැහිබෙල්ලා
(3) මානෙල් සහ වලිකුකුළා
",Common knowledge and logic reasoning,
"ලේන්සුවක වාටි මැසීමට වඩාත් සුදුසු මැහුම් ක‍්‍රමයවන්නේ,
(1) දම්වැල් මැස්මයි. 
(2)බ්ලැන්කට් මැස්මයි. 
(3) නැටි මැස්මයි.",Common knowledge and logic reasoning,
"හදිසි රෝගී තත්ත්වයකදී ගිලන්රථයක් ගෙන්වා ගැනීමට රජය විසින් හඳුන්වා දී ඇති සුවසැරිය සේවයේ
දුරකථන අංකය කුමක් ද?
(1) 1090 
(2) 1909 
(3) 1990",Common knowledge and logic reasoning,
"මිතුරන් සමග උදෑසනින් ම පාසල් යාමට පැමිණෙන ඔබ පාර හරහා ගසක් වැටී තිබෙන අයුරු දකියි.
අහල පහල වෙනත් කිසිවෙක් ද නැත. ඔබගේ අධිෂ්ඨානය කෙසේ හෝ පාසල් යාමයි. ඉන් පසුව ඔබ
සිදුකරන්නේ කුමක් ද යන්න මාතෘකාව කර ගනිමින් වාක්‍ය තුනක් ලියන්න.
(සෑම වාක්‍යයක් ම වචන පහකට නොඅඩුවිය යුතු ය. උක්ත ආඛ්‍යාත සම්බන්ධය හා අක්ෂර වින්‍යාසය
නිවැරදි විය යුතු ය.)
",Sinhala language comprehension,
"පහත කවියෙහි හිස්තැන් සඳහා වඩාත් ම සුදුසු වචන පිළිවෙළින් ඇතුළත් පිළිතුර කුමක් ද?
වත්තේ ඇවිදලා ලී කෝටු සොයාලා - ......... කොනක ලී කණු සිටුවාලා
රෙද්දක් ඇදලා වහලයක් .........  - අපේම - ......... ගෙයක් තනාලා
(1) කිහිප තියාලා ලස්සන
(2) හතර සදාලා සෙල්ලම්
(3) කිහිප ගෙනැල්ලා සෙල්ලම්",Sinhala language comprehension,
"ගමන් බිමන් යන විට මම යන්නේ
අවදිවෙලයි සේවය සලසන්නේ
අව්ව වැස්ස හොඳ හැටි හඳුනන්නේ
මා ගැන නොදන්න අයෙක් නොවන්නේ
මෙම කවියේ අදහස වඩාත් හොඳින් ගැළපියහැක්කේ.
(1) කුඩයට ය. 
(2) තොප්පියට ය. 
(3) කබායට ය.",Sinhala language comprehension,
"පහත වාක්‍යයේහිස්තැන් දෙත සම්පූර්ණ කිරිම සඳහා වඩාත් ම සුදුසු වචන යුගලය කුමක් ද?
පොත් අපේ නෙත් වගේ වන අතර ඒවා .................. කර ගනිමින්,
කියවීමේ .................. වැඩිදියුණු කර ගනිමු.
(1) පිරිසිදු, හැකියාව
(2) ආරක්ෂා, පුරුද්ද 
(3) ප්‍රවේශම්, රටාව",Sinhala language comprehension,
"එක්තරා මාසයක පළමුවැනිදා සඳුදාවකි; අවසාන දවස බදාදාවකි. එම මාසයට දින කීයක් තිබේ ද?
1.28 
2.30 
3.31",Mathematics,
" ඔරලෝසුවක වේලාව පෙ.ව. 4.30 යි. එතැන් සිට මිනිත්තු කටුව, හය වාරයක් පැය කටුව පසුකර ගොස්
12 දෙසට යොමු වී තිබෙන විට එම ඔරලෝසුවේ වේලාව කීය ද?
(1) පෙ.ව. 10.00 
(2) පෙ.ව. 11.00 
(3) මධ්‍යාග්න 12.00",Mathematics,
" අත් ඔරලෝසුවක් එහි මුහුණත උඩු අතට සිටින සේ මේසයක් මත තිරස්ව තබා ඇත. වේලාව ප.ව. 3.00
එහි පැය කටුව උතුරු දිශාවට යොමු වී තිබුණි. ප.ව. 3.45 වන විට එම ඔරලෝසුවේ මිනිත්තු කටුව
යොමු වී ඇති දිශාව කුමක් ද?
(1) දකුණ 
(2) බස්නාහිර 
(3 ) නැගෙනහිර",Mathematics,
"රැස්වීම් ශාලාවක ඇති ආසන 301 සිට 500 තෙක් අංක කර ඇත. ඒවා අතුරෙන් 3 සහ 5 ඉලක්කම්
එක ළඟ යෙදෙන අංක සහිත ආසන කීයක් තිබේ ද?
(1) 11 
(2) 12 
(3) 13",Mathematics,
"
පෝලිමක සුනිල් සහ නිමල් අතර පස්දෙනෙක් ද නිමල් සහ කමල් අතර අටදෙනෙක් ද සිටිති. 
සුනිල් සහ කමල් අතර සිටිය හැකි ළමයින්  සංඛ්‍යාවක් නොවන්නේ,
(1) 2 ය. 
(2) 13 ය. 
(3) 14 ය.",Mathematics,
"ළමයින් සමූහයක් තිදෙනා බැගින් කණ්ඩායම් වූ විට එක් අයකු ද හතරදෙනා බැගින් කණ්ඩායම් වූ විට
දෙදෙනතු දපස්දෙනා බැගින්කණ්ඩායම් වූ විට හතරදෙනකු ද ඉතුරු විය. මෙම සමූහය සමන්විත විය
හැක්කේ ළමයින් කී දෙනකුගෙන් ද?
(1) 54 
(2) 64 
(3) 94",Mathematics,
"ආච්චි සීයටයි දුවලා 4 දෙනෙක් සිටිති. ඒ හතරදෙනාම විවාහ වී ඇත. එම පවුල් හතරෙහිම දරුවෝ
හතරදෙනා බැගින් සිටිති. ඔවුහු සියල්ලෝම ජීවතුන් අතර සිටිති. එසේ නම් මෙම කණ්ඩායමේ කී දෙනෙක්
සිටිත් ද?
(1) 21 
(2) 22 
(3) 26 ",Mathematics,
" “අපට ආහාර නොමැතිව වැඩි කාලයක් සිටිය හැකි වුව ද ජලය නොමැතිව සිටිය හැකි කාලය ඉතා 
කෙටි ය. ශරීරයේ ජලය ප්‍රමාණය අඩුවීමෙන් විවිධ රෝගාබාධවලට ගොදුරුවීමට සිදුවේ. දිනකට අවශ්‍ය 
ජලය ප්‍රමාණය නියමිත පරිදි පානය කිරිමෙන් ශරීරයේ ක්‍රියාකාරිත්වය නිසියාකාරව පවත්වා ගත හැකි ය.""
ඉහත ප්‍රකාශයේ සමස්ත අදහස වන්නේ,
(1) ආහාරයට වඩා ජලය වැදගත් වන බවයි.
(2) රෝගාබාධවලින් මිදීමට ජලය අවශ්‍ය වන බවයි.
(3) ජලය පානය කිරිම අත්‍යවශ්‍ය වන බවයි.",Common knowledge and logic reasoning,
"අවසාන ප්‍රතිඵලයට හේතුවක් සඳහන් නොවන වාක්‍යය කුමක් ද?
(1) සචිනි උදෙන්ම අවදි වී සූදානම් වී පාසලට යාමට පිටත් විය.
(2) රුවනි විභාගයෙන් සමත් වූයේ හොඳින් පාඩම් කළ නිසා ය.
(3) බසය නොපැමිණි බැවින් කමනිට පා ගමනින් වෙළඳපොළට යාමට සිදු විය.",Sinhala language comprehension,
" පසුම්බියක මුදල් නෝට්ටු 8 ක් ඇත. ඒවා රුපියල් 20, රුපියල් 50 හා රුපියල් 100 වටිනාකම්වලට 
අයත් වේ. රුපියල් 50 හා රුපියල් 100 නෝට්ටු ගණන සමාන වේ. පසුම්බියේ තිබිය හැකි වැඩ්මම මුදල 
කීය ද?
(1) රු. 270 
(2) රු. 490 
(3) රු. 600",Mathematics,
"
හිස්වැසුම් තුනක් අතුරෙන් එකක් කළු පාට ය. එකක් සුදු පාට ය. එකක් රතු පාට ය. ගීතාට කළු පාට 
හිස්වසුමම තොලැඛෙත පටදි මෙම හිස්වසුම් තුන ගීතා, අමර සහ සමන් අතර බෙදා දිය හැකි එතිනෙකට 
වෙනස් අකාර තීයක් තිබේ ද?
(1) 2 (2) 4 (3) 6",Mathematics,
"එක්තරා නගරයක පාසලේ සිට රෝහලට යෑමට අවශ්‍ය උපදෙස් පහත පරිදි වේ. 
ප්‍රධාන වමටදොරටුවෙන් හැරි පිටතට පැමිණ දතුණට හැරි මීටර 100 ක් යන විට හමුවන මංසන්ධියෙන් මීටර 150 ක් යන විට දකුණු පසින් රෝහලේ ප්‍රධාන දොරටුව හමුවෙයි.
ඒ අනුව රෝහලේ ගැළපෙන සිට පාසලට පැමිණීමට අවශ්‍ය උපදෙස් නිවැරදිව ලබාදීම සඳහා පහත වැකියෙහි 
හිස්තැන්වලට ගැළපෙන තොරතුරු පිළිවෙළින් සඳහන් පිළිතුර කුමක් ද?
ප්‍රධාන දොරටුවෙන් පිටතට පැමිණ ......... හැරි මීටර 150 ක් යන විට හමුවන මංසන්ධියෙන් .........   
  හැරි මීටර 100 ක් යන  විට ........... පාසලේ ප්‍රධාන දොරටුව හමුවෙයි.
(1) වමට, දකුණට, වම්පසින්
(2) වමට, දකුණට, දකුණු පසින්
(3) දකුණට, වමට, වම්පසින්




",Sinhala language comprehension,